Date,Open,High,Low,Close,Volume
01/01/1950,16.65999985,17.09000015,16.65999985,17.04999924,38770000
01/02/1950,17.04999924,17.31999969,16.98999977,17.21999931,30200000
01/03/1950,17.23999977,17.55999947,17.06999969,17.29000092,37450000
01/04/1950,17.53000069,18.04999924,17.53000069,17.95999908,42630000
01/05/1950,18.21999931,18.78000069,18.11000061,18.78000069,42230000
01/06/1950,18.77000046,19.39999962,17.44000053,17.69000053,45660000
01/07/1950,17.63999939,17.90999985,16.68000031,17.84000015,44570000
01/08/1950,18.02000046,18.81999969,17.95000076,18.42000008,38900000
01/09/1950,18.54999924,19.45000076,18.54000092,19.45000076,38590000
01/10/1950,19.69000053,20.12000084,19.53000069,19.53000069,45190000
01/11/1950,19.55999947,20.31999969,19.36000061,19.51000023,40840000
01/12/1950,19.65999985,20.43000031,19,20.43000031,55270000
01/01/1951,20.77000046,21.73999977,20.69000053,21.65999985,65420000
01/02/1951,21.77000046,22.20000076,21.76000023,21.79999924,37260000
01/03/1951,21.85000038,21.95000076,21.25,21.47999954,32430000
01/04/1951,21.31999969,22.43000031,21.26000023,22.43000031,31750000
01/05/1951,22.53000069,22.80999947,21.03000069,21.52000046,36170000
01/06/1951,21.47999954,22.04999924,20.95999908,20.95999908,36220000
01/07/1951,21.10000038,22.62999916,21.10000038,22.39999962,27990000
01/08/1951,22.51000023,23.28000069,22.51000023,23.28000069,33630000
01/09/1951,23.28000069,23.70999908,23.26000023,23.26000023,36420000
01/10/1951,23.46999931,23.85000038,22.65999985,22.94000053,39250000
01/11/1951,23.10000038,23.10000038,22.39999962,22.87999916,23580000
01/12/1951,23.01000023,23.77000046,23.01000023,23.77000046,27560000
01/01/1952,23.79999924,24.65999985,23.73999977,24.13999939,34520000
01/02/1952,24.29999924,24.29999924,23.09000015,23.26000023,25180000
01/03/1952,23.29000092,24.37000084,23.29000092,24.37000084,26580000
01/04/1952,24.18000031,24.18000031,23.31999969,23.31999969,27060000
01/05/1952,23.17000008,23.94000053,23.17000008,23.86000061,22450000
01/06/1952,23.79999924,24.95999908,23.78000069,24.95999908,25530000
01/07/1952,25.12000084,25.39999962,24.80999947,25.39999962,24100000
01/08/1952,25.45000076,25.54999924,24.82999992,25.03000069,20890000
01/09/1952,25.14999962,25.25,24.45000076,24.54000092,24100000
01/10/1952,24.47999954,24.57999992,23.79999924,24.52000046,25940000
01/11/1952,24.60000038,25.65999985,24.60000038,25.65999985,30210000
01/12/1952,25.68000031,26.59000015,25.61000061,26.56999969,40480000
01/01/1953,26.54000092,26.65999985,25.86000061,26.37999916,34060000
01/02/1953,26.51000023,26.54000092,25.47999954,25.89999962,30170000
01/03/1953,25.93000031,26.32999992,25.29000092,25.29000092,42510000
01/04/1953,25.25,25.25,24.19000053,24.62000084,34370000
01/05/1953,24.72999954,25.05999947,24.45999908,24.54000092,25730000
01/06/1953,24.14999962,24.21999931,23.54000092,24.13999939,26080000
01/07/1953,24.23999977,24.75,24.06999969,24.75,22240000
01/08/1953,24.84000015,24.84000015,23.31999969,23.31999969,23890000
01/09/1953,23.42000008,23.64999962,22.70999908,23.35000038,27150000
01/10/1953,23.48999977,24.57999992,23.38999939,24.54000092,25710000
01/11/1953,24.65999985,24.76000023,24.25,24.76000023,26640000
01/12/1953,24.78000069,24.98999977,24.54999924,24.80999947,36150000
01/01/1954,24.95000076,26.09000015,24.79999924,26.07999992,33420000
01/02/1954,25.98999977,26.29999924,25.80999947,26.14999962,33260000
01/03/1954,26.25,26.94000053,26.25,26.94000053,44050000
01/04/1954,27.17000008,28.26000023,27.01000023,28.26000023,43500000
01/05/1954,28.20999908,29.19000053,28.20999908,29.19000053,41900000
01/06/1954,29.19000053,29.43000031,28.14999962,29.20999908,42230000
01/07/1954,29.20999908,30.87999916,29.20999908,30.87999916,51840000
01/08/1954,30.98999977,31.20999908,29.82999992,29.82999992,56900000
01/09/1954,30.04000092,32.68999863,30.04000092,32.31000137,41220000
01/10/1954,32.29000092,32.75999832,31.68000031,31.68000031,44170000
01/11/1954,31.79000092,34.54999924,31.79000092,34.24000168,63010000
01/12/1954,33.99000168,35.97999954,33.99000168,35.97999954,76480000
01/01/1955,36.75,36.75,34.58000183,36.63000107,74650000
01/02/1955,36.72000122,37.15000153,36.43999863,36.75999832,60810000
01/03/1955,36.83000183,37.52000046,34.95999908,36.58000183,65780000
01/04/1955,36.95000076,38.31999969,36.83000183,37.95999908,53790000
01/05/1955,38.04000092,38.04000092,36.97000122,37.90999985,45450000
01/06/1955,37.95999908,41.02999878,37.95999908,41.02999878,58120000
01/07/1955,41.18999863,43.75999832,41.18999863,43.52000046,48470000
01/08/1955,42.93000031,43.18000031,41.74000168,43.18000031,41800000
01/09/1955,43.36999893,45.63000107,42.61000061,43.66999817,60080000
01/10/1955,42.49000168,42.99000168,40.79999924,42.34000015,42150000
01/11/1955,42.27999878,46.40999985,42.27999878,45.50999832,46360000
01/12/1955,45.34999847,45.88999939,44.95000076,45.47999954,50990000
01/01/1956,45.15999985,45.15999985,43.11000061,43.81999969,47160000
01/02/1956,44.02999878,45.43000031,43.41999817,45.34000015,46370000
01/03/1956,45.54000092,48.86999893,45.54000092,48.47999954,60310000
01/04/1956,48.70000076,48.84999847,47.09000015,48.38000107,54100000
01/05/1956,48.15999985,48.50999832,44.09999847,45.20000076,53210000
01/06/1956,45.58000183,47.13000107,45.13999939,46.97000122,37180000
01/07/1956,46.93000031,49.47999954,46.93000031,49.38999939,45650000
01/08/1956,49.61999893,49.63999939,46.93999863,47.50999832,44450000
01/09/1956,47.88999939,48.09999847,45.34999847,45.34999847,37220000
01/10/1956,44.70000076,47,44.70000076,45.58000183,40300000
01/11/1956,46.52000046,47.59999847,44.38000107,45.08000183,43550000
01/12/1956,45.97999954,47.04000092,45.84000015,46.66999817,46330000
01/01/1957,46.20000076,46.65999985,44.40000153,44.72000122,48140000
01/02/1957,44.61999893,44.61999893,42.38999939,43.25999832,37530000
01/03/1957,43.74000168,44.22999954,43.74000168,44.11000061,35620000
01/04/1957,44.13999939,45.74000168,44.13999939,45.74000168,48290000
01/05/1957,46.02000046,47.43000031,46.02000046,47.43000031,52560000
01/06/1957,47.36999893,48.24000168,46.77999878,47.36999893,43470000
01/07/1957,47.43000031,49.13000107,47.43000031,47.90999985,48230000
01/08/1957,47.79000092,47.79000092,43.88999939,45.22000122,41390000
01/09/1957,45.43999863,45.43999863,42.41999817,42.41999817,36890000
01/10/1957,42.75999832,43.13999939,38.97999954,41.06000137,63960000
01/11/1957,40.43999863,41.72000122,39.43999863,41.72000122,48200000
01/12/1957,41.36000061,41.54000092,39.38000107,39.99000168,54440000
01/01/1958,40.33000183,41.88000107,40.33000183,41.70000076,49830000
01/02/1958,42.04000092,42.45999908,40.61000061,40.84000015,40190000
01/03/1958,41.13000107,42.58000183,41.13000107,42.09999847,46680000
01/04/1958,41.93000031,43.43999863,41.33000183,43.43999863,50270000
01/05/1958,43.54000092,44.09000015,43.11999893,44.09000015,54100000
01/06/1958,44.31000137,45.34000015,44.31000137,45.24000168,56610000
01/07/1958,45.27999878,47.18999863,45.11000061,47.18999863,69430000
01/08/1958,47.49000168,48.15999985,47.22000122,47.75,62300000
01/09/1958,48,50.06000137,47.97000122,50.06000137,71940000
01/10/1958,49.97999954,51.61999893,49.97999954,51.33000183,95020000
01/11/1958,51.56000137,53.24000168,51.02000046,52.47999954,74350000
01/12/1958,52.68999863,55.20999908,52.45999908,55.20999908,75940000
01/01/1959,55.43999863,56.04000092,54.88999939,55.45000076,83240000
01/02/1959,55.20999908,55.52000046,53.58000183,55.40999985,65790000
01/03/1959,55.72999954,56.66999817,55.43999863,55.43999863,82430000
01/04/1959,55.68999863,58.16999817,55.68999863,57.59000015,75840000
01/05/1959,57.65000153,58.68000031,56.88000107,58.68000031,70950000
01/06/1959,58.63000107,58.63000107,56.36000061,58.47000122,64310000
01/07/1959,58.97000122,60.61999893,58.90999985,60.50999832,70900000
01/08/1959,60.70999908,60.70999908,58.27000046,59.59999847,51050000
01/09/1959,58.86999893,58.91999817,55.13999939,56.88000107,57500000
01/10/1959,56.93999863,57.52000046,56,57.52000046,61330000
01/11/1959,57.40999985,58.27999878,56.22000122,58.27999878,64500000
01/12/1959,58.70000076,59.88999939,58.59999847,59.88999939,72210000
01/01/1960,59.90999985,60.38999939,55.61000061,55.61000061,63920000
01/02/1960,55.95999908,56.81999969,54.72999954,56.11999893,60500000
01/03/1960,56.00999832,56.00999832,53.47000122,55.34000015,65710000
01/04/1960,55.43000031,56.59000015,54.36999893,54.36999893,57300000
01/05/1960,54.13000107,55.83000183,54.13000107,55.83000183,68790000
01/06/1960,55.88999939,58,55.88999939,56.91999817,76480000
01/07/1960,57.06000137,57.38000107,54.16999817,55.50999832,53860000
01/08/1960,55.52999878,58.06999969,54.72000122,56.95999908,65330000
01/09/1960,57.09000015,57.09000015,52.47999954,53.52000046,60840000
01/10/1960,53.36000061,54.86000061,52.20000076,53.38999939,54370000
01/11/1960,53.93999863,56.43000031,53.93999863,55.54000092,62010000
01/12/1960,55.29999924,58.11000061,55.29999924,58.11000061,77330000
01/01/1961,57.56999969,61.97000122,57.56999969,61.77999878,89010000
01/02/1961,61.90000153,63.43999863,61.13999939,63.43999863,92730000
01/03/1961,63.43000031,65.05999756,63.38000107,65.05999756,115050000
01/04/1961,65.59999847,68.68000031,64.40000153,65.30999756,101760000
01/05/1961,65.16999817,67.38999939,65.16999817,66.55999756,96940000
01/06/1961,66.55999756,67.08000183,64.47000122,64.63999939,73090000
01/07/1961,65.20999908,66.76000214,64.41000366,66.76000214,60840000
01/08/1961,67.37000275,68.44000244,66.94000244,68.06999969,81490000
01/09/1961,68.19000244,68.45999908,65.76999664,66.73000336,63820000
01/10/1961,66.76999664,68.62000275,66.73000336,68.62000275,72980000
01/11/1961,68.73000336,71.84999847,68.73000336,71.31999969,87770000
01/12/1961,71.77999878,72.63999939,70.86000061,71.55000305,82380000
01/01/1962,71.55000305,71.95999908,67.55000305,68.83999634,80790000
01/02/1962,68.83999634,71.12999725,68.55999756,69.95999908,66130000
01/03/1962,69.95999908,71.44000244,69.16000366,69.55000305,68440000
01/04/1962,69.55000305,69.81999969,64.94999695,65.23999786,65240000
01/05/1962,65.23999786,66.93000031,53.13000107,59.63000107,111030000
01/06/1962,59.63000107,59.95999908,51.34999847,54.75,100160000
01/07/1962,54.75,58.66999817,54.47000122,58.22999954,74160000
01/08/1962,58.22999954,60.33000183,56.75999832,59.11999893,80400000
01/09/1962,59.11999893,59.54000092,55.52999878,56.27000046,62890000
01/10/1962,56.27000046,57.83000183,52.54999924,56.52000046,78690000
01/11/1962,56.52000046,62.77999878,55.90000153,62.25999832,96020000
01/12/1962,62.25999832,63.5,61.27999878,63.09999847,80870000
01/01/1963,63.09999847,66.58999634,62.31999969,66.19999695,101970000
01/02/1963,66.30999756,66.95999908,64.08000183,64.29000092,79120000
01/03/1963,64.29000092,67.01000214,63.79999924,66.56999969,74760000
01/04/1963,66.56999969,70.18000031,66.23000336,69.80000305,106290000
01/05/1963,69.80000305,71.13999939,69.02999878,70.80000305,105070000
01/06/1963,70.80000305,71.23999786,68.77999878,69.37000275,90580000
01/07/1963,69.37000275,70.48000336,67.54000092,69.12999725,76310000
01/08/1963,69.12999725,72.70999908,68.63999939,72.5,91650000
01/09/1963,72.5,73.87000275,71.27999878,71.69999695,106620000
01/10/1963,71.69999695,75.18000031,71.56999969,74.01000214,122360000
01/11/1963,74.01000214,74.44000244,69.48000336,73.23000336,93990000
01/12/1963,73.23000336,75.36000061,73.01999664,75.01999664,98660000
01/01/1964,75.01999664,77.77999878,74.81999969,77.04000092,116620000
01/02/1964,77.04000092,78.30999756,76.36000061,77.80000305,88110000
01/03/1964,77.80000305,79.88999939,77.5,78.98000336,113760000
01/04/1964,78.98000336,81.19999695,78.66999817,79.45999908,123490000
01/05/1964,79.45999908,81.80999756,79.45999908,80.37000275,99150000
01/06/1964,80.37000275,82.09999847,78.15000153,81.69000244,96150000
01/07/1964,81.69000244,84.33000183,81.45999908,83.18000031,102590000
01/08/1964,83.18000031,83.48999786,80.80000305,81.83000183,82280000
01/09/1964,81.83000183,84.80000305,81.56999969,84.18000031,109770000
01/10/1964,84.18000031,85.69999695,83.65000153,84.86000061,106550000
01/11/1964,84.86000061,86.80000305,84.09999847,84.41999817,93640000
01/12/1964,84.41999817,85.18000031,82.65000153,84.75,104010000
01/01/1965,84.75,88.19000244,83.76999664,87.55999756,109130000
01/02/1965,87.55999756,88.05999756,85.25,87.43000031,112280000
01/03/1965,87.43000031,87.93000031,85.65000153,86.16000366,124830000
01/04/1965,86.16000366,89.63999939,85.87000275,89.11000061,119120000
01/05/1965,89.11000061,90.68000031,87.23999786,88.41999817,110190000
01/06/1965,88.41999817,88.80000305,80.73000336,84.12000275,128160000
01/07/1965,84.12000275,86.47000122,83.30000305,85.25,85150000
01/08/1965,85.25,87.79000092,84.80000305,87.16999817,109070000
01/09/1965,87.16999817,91.12999725,86.69000244,89.95999908,155180000
01/10/1965,89.95999908,93.19000244,89.30000305,92.41999817,164090000
01/11/1965,92.41999817,93.30000305,90.80999756,91.61000061,147110000
01/12/1965,91.61000061,93.06999969,89.19999695,92.43000031,191050000
01/01/1966,92.43000031,94.63999939,91.62999725,92.87999725,182910000
01/02/1966,92.87999725,94.72000122,90.43000031,91.22000122,165790000
01/03/1966,91.22000122,91.65000153,86.69000244,89.23000336,191360000
01/04/1966,89.23000336,93.01999664,88.95999908,91.05999756,186160000
01/05/1966,91.05999756,91.75,83.18000031,86.12999725,171290000
01/06/1966,86.12999725,87.73999786,83.75,84.73999786,140450000
01/07/1966,84.73999786,88.19000244,83.05000305,83.59999847,119810000
01/08/1966,83.5,84.69999695,73.91000366,77.09999847,162430000
01/09/1966,77.09999847,80.80999756,75.02999878,76.55999756,120030000
01/10/1966,76.55999756,80.91000366,72.27999878,80.19999695,146210000
01/11/1966,80.19999695,83.01000214,78.88999939,80.44999695,145780000
01/12/1966,80.44999695,83.87999725,79.48999786,80.33000183,165070000
01/01/1967,80.33000183,88.16999817,79.43000031,86.61000061,207410000
01/02/1967,86.61000061,89,85.61000061,86.77999878,182950000
01/03/1967,86.77999878,91.72000122,86.66999817,90.19999695,224640000
01/04/1967,90.19999695,94.76999664,87.86000061,94.01000214,187650000
01/05/1967,94.01000214,95.25,88.70999908,89.08000183,218420000
01/06/1967,89.08000183,93.27999878,87.19000244,90.63999939,212590000
01/07/1967,90.63999939,95.51000214,90.12000275,94.75,216730000
01/08/1967,94.75,96.66999817,92.01000214,93.63999939,207800000
01/09/1967,93.63999939,98.30999756,93,96.70999908,204960000
01/10/1967,96.70999908,98.25,93.29000092,93.30000305,224780000
01/11/1967,93.30000305,95.51000214,90.08999634,94,211430000
01/12/1967,94,96.90000153,93.41000366,96.47000122,229460000
01/01/1968,96.47000122,97.83999634,91.26999664,92.23999786,262770000
01/02/1968,92.23999786,93.44000244,86.73000336,89.36000061,174380000
01/03/1968,89.36000061,91.08999634,86.98999786,90.19999695,192610000
01/04/1968,91.11000061,98.61000061,91.11000061,97.45999908,295420000
01/05/1968,97.45999908,100.1900024,95.80000305,98.68000031,291980000
01/06/1968,98.72000122,102.8399963,98.72000122,99.58000183,257290000
01/07/1968,99.58000183,103.6699982,96.83999634,97.73999786,242450000
01/08/1968,97.73999786,99.66999817,95.79000092,98.86000061,193970000
01/09/1968,98.86000061,103.6299973,98.30999756,102.6699982,228300000
01/10/1968,102.6699982,105.7799988,101.8000031,103.4100037,272200000
01/11/1968,103.4100037,109.0899963,101.8499985,108.3700027,251850000
01/12/1968,108.3700027,109.3700027,102.9800034,103.8600006,267480000
01/01/1969,103.8600006,104.8700027,96.62999725,103.0100021,266600000
01/02/1969,103.0100021,104.6100006,97.36000061,98.12999725,207490000
01/03/1969,98.12999725,102.3499985,97.05999756,101.5100021,199110000
01/04/1969,101.5100021,104.5599976,99.08000183,103.6900024,236930000
01/05/1969,103.6900024,106.7399979,102.2900009,103.4599991,256580000
01/06/1969,103.4599991,103.75,95.20999908,97.70999908,235130000
01/07/1969,97.70999908,100.3300018,88.04000092,91.83000183,228250000
01/08/1969,91.91999817,96.43000031,91.48000336,95.51000214,201680000
01/09/1969,95.51000214,96.62000275,91.76999664,93.12000275,219150000
01/10/1969,93.12000275,98.83000183,91.66000366,97.12000275,310110000
01/11/1969,97.12000275,99.23000336,92.23999786,93.80999756,213600000
01/12/1969,93.80999756,94.47000122,88.62000275,92.05999756,272350000
01/01/1970,92.05999756,94.25,84.41999817,85.01999664,221090000
01/02/1970,85.01999664,90.33000183,84.63999939,89.5,228380000
01/03/1970,89.5,91.06999969,86.19000244,89.62999725,212880000
01/04/1970,89.62999725,90.69999695,79.30999756,81.51999664,223120000
01/05/1970,81.51999664,82.31999969,68.61000061,76.55000305,258220000
01/06/1970,76.55000305,79.95999908,72.25,72.72000122,226420000
01/07/1970,72.72000122,79.02999878,70.69000244,78.05000305,227740000
01/08/1970,78.05000305,82.47000122,74.12999725,81.51999664,218690000
01/09/1970,81.51999664,84.98999786,79.94999695,84.30000305,303290000
01/10/1970,84.30000305,87.75,82.29000092,83.25,261370000
01/11/1970,83.25,87.59999847,82.23000336,87.19999695,230290000
01/12/1970,87.19999695,92.98999786,86.11000061,92.15000153,335240000
01/01/1971,92.15000153,96.48999786,90.63999939,95.87999725,348490000
01/02/1971,95.87999725,99.58999634,94.91999817,96.75,371190000
01/03/1971,96.75,102.0299988,96.11000061,100.3099976,389880000
01/04/1971,100.3099976,105.5999985,99.62999725,103.9499969,401580000
01/05/1971,103.9499969,104.4199982,98.68000031,99.62999725,307360000
01/06/1971,99.62999725,102.0699997,96.91999817,98.69999695,303590000
01/07/1971,99.16000366,101.5199966,95.08000183,95.58000183,265240000
01/08/1971,95.58000183,101.5100021,92.80999756,99.02999878,320520000
01/09/1971,99.02999878,102.25,96.97000122,98.33999634,252720000
01/10/1971,98.33999634,100.9599991,92.95999908,94.23000336,280080000
01/11/1971,94.23000336,96.08000183,89.33999634,93.98999786,276410000
01/12/1971,93.98999786,102.2099991,93.94999695,102.0899963,377680000
01/01/1972,102.0899963,105,100.8700027,103.9400024,379490000
01/02/1972,103.9400024,107.1600037,103.0999985,106.5699997,376260000
01/03/1972,106.5699997,109.75,105.8600006,107.1999969,403650000
01/04/1972,107.1999969,111.1100006,106.1800003,107.6699982,367990000
01/05/1972,107.6699982,111.4800034,103.8300018,109.5299988,335850000
01/06/1972,109.5299988,110.5100021,105.9400024,107.1399994,314510000
01/07/1972,107.1399994,110.2699966,104.4300003,107.3899994,288900000
01/08/1972,107.3899994,113.4499969,107.0599976,111.0899963,356930000
01/09/1972,111.0899963,112.1200027,107.3499985,110.5500031,246190000
01/10/1972,110.5500031,112.2600021,106.2699966,111.5800018,317300000
01/11/1972,111.5800018,117.9100037,111.3199997,116.6699982,405570000
01/12/1972,116.6699982,119.7900009,114.6299973,118.0500031,344730000
01/01/1973,118.0599976,121.7399979,114.9700012,116.0299988,393750000
01/02/1973,116.0299988,118.9800034,109.8000031,111.6800003,318190000
01/03/1973,111.6800003,115.6100006,107.4100037,111.5199966,343400000
01/04/1973,111.5199966,113.6500015,105.4400024,106.9700012,277990000
01/05/1973,106.9700012,112.25,101.3600006,104.9499969,337260000
01/06/1973,104.9499969,109.5199966,101.4499969,104.2600021,268700000
01/07/1973,104.0999985,111.0400009,100.4400024,108.2200012,307780000
01/08/1973,108.1699982,108.1699982,99.73999786,104.25,274460000
01/09/1973,104.25,110.4499969,102.1299973,108.4300003,329070000
01/10/1973,108.4300003,112.8199997,107.0800018,108.2900009,422900000
01/11/1973,108.2900009,109.1999969,94.87999725,95.95999908,399900000
01/12/1973,95.83000183,99.08999634,91.05000305,97.55000305,384380000
01/01/1974,97.55000305,100.9400024,91.62000275,96.56999969,363150000
01/02/1974,96.56999969,97.43000031,89.52999878,96.22000122,256810000
01/03/1974,96.22000122,101.0500031,93.44000244,93.98000336,309600000
01/04/1974,93.98000336,95.41999817,88.62000275,90.30999756,254270000
01/05/1974,90.30999756,93.58999634,85.87000275,87.27999878,275150000
01/06/1974,87.27999878,93.76000214,85.12999725,86,245340000
01/07/1974,86,86.88999939,78.95999908,79.30999756,274090000
01/08/1974,79.30999756,83.52999878,69.37000275,72.15000153,280100000
01/09/1974,72.15000153,73.01000214,62.52000046,63.54000092,280050000
01/10/1974,63.54000092,75.90000153,60.95999908,73.90000153,377100000
01/11/1974,73.90000153,77.41000366,66.84999847,69.97000122,286790000
01/12/1974,69.80000305,69.80000305,64.12999725,68.55999756,315150000
01/01/1975,68.65000153,78.69000244,68.65000153,76.98000336,432550000
01/02/1975,76.98000336,83.55999756,76,81.58999634,423640000
01/03/1975,81.58999634,87.08000183,80.08000183,83.36000061,453610000
01/04/1975,83.36000061,88.79000092,79.66000366,87.30000305,451350000
01/05/1975,87.30000305,93.51000214,86.94000244,91.15000153,457490000
01/06/1975,91.31999969,95.84999847,89.30000305,95.19000244,447000000
01/07/1975,95.19000244,96.58000183,87.68000031,88.75,441680000
01/08/1975,88.75,89.04000092,82.20999908,86.87999725,281470000
01/09/1975,86.87999725,87.41999817,81.56999969,83.87000275,275120000
01/10/1975,83.87000275,91.75,82.56999969,89.04000092,365540000
01/11/1975,89.04000092,92.33000183,87.62999725,91.23999786,318810000
01/12/1975,91.23999786,91.90000153,86.15000153,90.19000244,348970000
01/01/1976,90.19000244,101.9899979,89.80999756,100.8600006,635830000
01/02/1976,100.8600006,103.0699997,98.5,99.70999908,596130000
01/03/1976,99.70999908,104.3899994,98.23000336,102.7699966,529600000
01/04/1976,102.7699966,104.6299973,99.56999969,101.6399994,392260000
01/05/1976,101.6399994,103.9899979,98.26000214,100.1800003,355910000
01/06/1976,100.1800003,105.0699997,97.97000122,104.2799988,417230000
01/07/1976,104.2799988,106.7799988,102.3099976,103.4400024,393760000
01/08/1976,103.4400024,105.4100037,100.4300003,102.9100037,346680000
01/09/1976,102.9100037,108.7200012,102.5999985,105.2399979,414750000
01/10/1976,105.2399979,105.75,99.20999908,102.9000015,361390000
01/11/1976,102.9000015,103.7799988,98.18000031,102.0999985,381020000
01/12/1976,102.0999985,107.8199997,101.6200027,107.4599991,534550000
01/01/1977,107.4599991,107.9700012,100.9100037,102.0299988,501620000
01/02/1977,102.0299988,103.3199997,98.81999969,99.81999969,398440000
01/03/1977,99.81999969,102.6999969,97.80000305,98.41999817,434690000
01/04/1977,98.41999817,102.0699997,96.52999878,98.44000244,403060000
01/05/1977,98.44000244,100.9300003,95.51999664,96.12000275,425820000
01/06/1977,96.12000275,101.6500015,95.88999939,100.4800034,485150000
01/07/1977,100.4800034,102.5699997,97.70999908,98.84999847,452480000
01/08/1977,98.84999847,99.83999634,95.04000092,96.76999664,433650000
01/09/1977,96.76999664,98.43000031,94.44000244,96.52999878,383670000
01/10/1977,96.52999878,97.26999664,90.19999695,92.33999634,413470000
01/11/1977,92.19000244,97.11000061,90.01000214,94.83000183,494680000
01/12/1977,94.83000183,95.66999817,91.76000214,95.09999847,450970000
01/01/1978,95.09999847,95.15000153,88.01999664,89.25,428140000
01/02/1978,89.25,91.31999969,86.58000183,87.04000092,368600000
01/03/1978,87.04000092,91.34999847,86.44999695,89.20999908,497580000
01/04/1978,89.19999695,97.91000366,88.06999969,96.83000183,695600000
01/05/1978,96.83000183,100.3199997,94.56999969,97.23999786,775750000
01/06/1978,97.23999786,101.8399963,93.98999786,95.52999878,666290000
01/07/1978,95.52999878,101.1800003,93.58999634,100.6800003,541490000
01/08/1978,100.6800003,106.2699966,99.94999695,103.2900009,864950000
01/09/1978,103.2900009,108.0500031,100.6600037,102.5400009,672290000
01/10/1978,102.5400009,106.2300034,91.65000153,93.15000153,682340000
01/11/1978,94.12999725,97.41000366,91.76999664,94.69999695,514610000
01/12/1978,95.01000214,98.58000183,92.63999939,96.11000061,492440000
01/01/1979,96.11000061,102.5899963,95.22000122,99.93000031,615730000
01/02/1979,99.93000031,100.5199966,95.37999725,96.27999878,475710000
01/03/1979,96.27999878,103.3099976,95.98000336,101.5899963,649800000
01/04/1979,101.5599976,103.9499969,100.1399994,101.7600021,620650000
01/05/1979,101.7600021,102.5699997,97.48999786,99.08000183,623740000
01/06/1979,99.08000183,103.6699982,98.56999969,102.9100037,735710000
01/07/1979,102.9100037,105.1699982,100.3499985,103.8099976,680740000
01/08/1979,103.8099976,109.8399963,103.1399994,109.3199997,825050000
01/09/1979,109.3199997,111.5800018,105.3799973,109.3199997,713940000
01/10/1979,109.1900024,112.1600037,99.05999756,101.8199997,857930000
01/11/1979,101.8199997,107.8899994,99.41999817,106.1600037,653650000
01/12/1979,106.1600037,110.3300018,105.0699997,107.9400024,710210000
01/01/1980,107.9400024,117.1699982,103.2600021,114.1600037,1158240000
01/02/1980,114.1600037,120.2200012,111.3300018,113.6600037,956530000
01/03/1980,113.6600037,114.3399963,94.23000336,102.0899963,876450000
01/04/1980,102.0899963,106.7900009,98.94999695,106.2900009,674140000
01/05/1980,106.2900009,112.7200012,103.5,111.2399979,764920000
01/06/1980,111.2399979,117.9800034,109.7699966,114.2399979,829660000
01/07/1980,114.2399979,123.9300003,113.5400009,121.6699982,1021770000
01/08/1980,121.6699982,127.7799988,119.4199982,122.3799973,965660000
01/09/1980,122.3799973,132.1699982,121.7900009,125.4599991,1057710000
01/10/1980,125.4599991,135.8800049,124.6600037,127.4700012,1031790000
01/11/1980,127.4700012,141.9600067,127.2300034,140.5200043,988110000
01/12/1980,140.5200043,140.6600037,125.3199997,135.7599945,1025650000
01/01/1981,135.7599945,140.3200073,128.5700073,129.5500031,955520000
01/02/1981,129.4799957,132.0200043,124.6600037,131.2700043,816310000
01/03/1981,131.2700043,138.3800049,128.5599976,136,1174530000
01/04/1981,136,137.7200012,131.5800018,132.8099976,1123470000
01/05/1981,132.8099976,134.9199982,128.7799988,132.5899963,905430000
01/06/1981,132.5899963,135.6699982,128.7700043,131.2100067,1100970000
01/07/1981,131.2100067,131.7799988,125.9599991,130.9199982,953970000
01/08/1981,130.9199982,135.1799927,122.2900009,122.7900009,920550000
01/09/1981,122.7900009,124.5800018,110.1900024,116.1800003,959140000
01/10/1981,116.1800003,123.2799988,115,121.8899994,997560000
01/11/1981,122.3499985,126.9700012,119.1299973,126.3499985,987920000
01/12/1981,126.3499985,127.3199997,121.0400009,122.5500031,959470000
01/01/1982,122.5500031,123.7200012,113.6299973,120.4000015,968340000
01/02/1982,119.8099976,119.8099976,110.0299988,113.1100006,972190000
01/03/1982,113.1100006,114.8000031,104.4599991,111.9599991,1268690000
01/04/1982,111.9599991,119.3300018,111.4800034,116.4400024,1136490000
01/05/1982,115.9599991,119.9199982,111.6600037,111.8799973,1026460000
01/06/1982,111.9700012,112.4800034,107.0100021,109.6100006,1110530000
01/07/1982,109.5199966,112.3899994,105.5699997,107.0899963,1145190000
01/08/1982,107.7099991,120.2600021,102.1999969,119.5100021,1672770000
01/09/1982,119.5199966,126.4300003,117.8399963,120.4199982,1548040000
01/10/1982,120.4000015,140.3999939,120.1500015,133.7200012,2068560000
01/11/1982,133.7200012,144.3600006,132.8899994,138.5299988,1857040000
01/12/1982,138.5599976,143.6799927,134.7899933,140.6399994,1682080000
01/01/1983,140.6499939,148.3600006,138.0800018,145.3000031,1857600000
01/02/1983,145.2899933,150.8800049,141.8999939,148.0599976,1615450000
01/03/1983,148.0700073,155.0200043,148.0700073,152.9600067,1901920000
01/04/1983,152.9199982,164.4299927,150.1699982,164.4299927,1786870000
01/05/1983,164.4100037,166.9900055,160.2899933,162.3899994,1953130000
01/06/1983,162.3800049,171.6000061,160.8000031,167.6399994,1973860000
01/07/1983,168.1100006,170.7200012,161.5,162.5599976,1590170000
01/08/1983,162.3399963,165.9100037,158.5,164.3999939,1706430000
01/09/1983,164.3999939,170.4100037,163.9499969,166.0700073,1739810000
01/10/1983,165.9900055,172.6499939,162.8600006,163.5500031,1794620000
01/11/1983,163.5500031,168.0700073,161.6300049,166.3999939,1814610000
01/12/1983,166.3699951,166.7700043,161.5800018,164.9299927,1848860000
01/01/1984,164.9299927,169.5399933,162.0299988,163.4100037,2215660000
01/02/1984,163.4100037,164,152.1300049,157.0599976,1932810000
01/03/1984,157.0599976,160.4600067,153.7700043,159.1799927,1854920000
01/04/1984,159.1799927,160.6900024,154.1199951,160.0500031,1717530000
01/05/1984,160.0500031,162.1100006,148.6799927,150.5500031,1939550000
01/06/1984,150.5500031,155.6399994,148.5299988,153.1799927,1812870000
01/07/1984,153.1600037,153.8699951,147.2599945,150.6600037,1662200000
01/08/1984,150.6600037,168.8000031,150.6600037,166.6799927,2526920000
01/09/1984,166.6799927,169.6499939,163.0599976,166.1000061,1768660000
01/10/1984,166.1000061,169.6199951,160.0200043,166.0899963,2110230000
01/11/1984,166.0899963,170.4100037,162.9900055,163.5800018,1757280000
01/12/1984,163.5800018,169.0299988,161.5399933,167.2400055,1781000000
01/01/1985,167.1999969,180.2700043,163.3600006,179.6300049,2673710000
01/02/1985,179.6300049,183.9499969,177.75,181.1799927,2194620000
01/03/1985,181.1799927,183.8899994,176.5299988,180.6600037,2153090000
01/04/1985,180.6600037,183.6100006,177.8600006,179.8300018,1981880000
01/05/1985,179.8300018,189.9799957,178.3500061,189.5500031,2350340000
01/06/1985,189.5500031,191.8500061,185.0299988,191.8500061,2117000000
01/07/1985,191.8500061,196.0700073,189.3000031,190.9199982,2463070000
01/08/1985,190.9199982,192.1699982,186.1000061,188.6300049,1923200000
01/09/1985,188.6300049,188.8000031,179.4499969,182.0800018,1860160000
01/10/1985,182.0599976,190.1499939,181.1600037,189.8200073,2543240000
01/11/1985,189.8200073,203.3999939,189.3699951,202.1699982,2445370000
01/12/1985,202.1699982,213.0800018,200.1000061,211.2799988,2804380000
01/01/1986,211.2799988,214.5700073,202.6000061,211.7799988,2879010000
01/02/1986,211.7799988,227.9199982,210.8200073,226.9199982,2899100000
01/03/1986,226.9199982,240.1100006,222.1799927,238.8999939,3214600000
01/04/1986,238.8999939,245.4700012,226.3000031,235.5200043,3240400000
01/05/1986,235.5200043,249.1900024,232.2599945,247.3500061,2680240000
01/06/1986,246.0399933,251.8099976,238.2299957,250.8399963,2649600000
01/07/1986,250.6699982,253.1999969,233.0700073,236.1199951,3029900000
01/08/1986,236.1199951,254.2400055,231.9199982,252.9299927,2701900000
01/09/1986,252.9299927,254.1300049,228.0800018,231.3200073,3166300000
01/10/1986,231.3200073,244.5099945,231.3200073,243.9799957,3016740000
01/11/1986,243.9700012,249.2200012,235.5099945,249.2200012,2940830000
01/12/1986,249.2200012,254.8699951,241.2799988,242.1699982,3260870000
01/01/1987,242.1699982,280.9599915,242.1699982,274.0799866,4040880000
01/02/1987,274.0799866,287.5499878,273.1600037,284.2000122,3485300000
01/03/1987,284.1700134,302.7200012,282.2999878,291.7000122,3965100000
01/04/1987,291.5899963,303.6499939,275.6700134,288.3599854,3931700000
01/05/1987,286.9899902,298.6900024,277.0100098,290.1000061,3417700000
01/06/1987,290.1199951,310.269989,286.9299927,304,3595000000
01/07/1987,303.9899902,318.8500061,302.5299988,318.6600037,3966400000
01/08/1987,318.6199951,337.8900146,314.5100098,329.7999878,4062400000
01/09/1987,329.8099976,332.1799927,308.5599976,321.8299866,3723200000
01/10/1987,321.8299866,328.9400024,216.4600067,251.7899933,6094500000
01/11/1987,251.7299957,257.2099915,225.75,230.3000031,3589530000
01/12/1987,230.3200073,253.3500061,221.2400055,247.0800018,3926750000
01/01/1988,247.1000061,261.7799988,240.1699982,257.0700073,3494700000
01/02/1988,257.0499878,267.8200073,247.8200073,267.8200073,3693240000
01/03/1988,267.8200073,272.6400146,256.0700073,258.8900146,4052970000
01/04/1988,258.8900146,272.0499878,254.7100067,261.3299866,3260760000
01/05/1988,261.3599854,263.7000122,248.8500061,262.1600037,3231370000
01/06/1988,262.1600037,276.8800049,262.1000061,273.5,4306710000
01/07/1988,273.5,276.3599854,262.480011,272.019989,3338470000
01/08/1988,272.0299988,274.2000122,256.5299988,261.519989,3327470000
01/09/1988,261.519989,274.8699951,256.980011,271.9100037,3059450000
01/10/1988,271.8900146,283.9500122,268.8399963,278.9700012,3415160000
01/11/1988,278.9700012,280.3699951,262.8500061,273.7000122,2822820000
01/12/1988,273.6799927,280.4500122,270.4700012,277.7200012,2844900000
01/01/1989,277.7200012,297.5100098,273.8099976,297.4700012,3532220000
01/02/1989,297.4700012,300.5700073,286.2600098,288.8599854,3216280000
01/03/1989,288.8599854,299.9899902,286.4599915,294.8699951,3504530000
01/04/1989,294.8699951,310.4500122,294.3500061,309.6400146,3237250000
01/05/1989,309.6400146,323.0599976,304.0599976,320.519989,3747320000
01/06/1989,320.5100098,329.1900024,314.3800049,317.980011,3966590000
01/07/1989,317.980011,346.0799866,317.2600098,346.0799866,3249030000
01/08/1989,346.0799866,352.730011,339,351.4500122,3949100000
01/09/1989,351.4500122,354.1300049,341.3699951,349.1499939,3035020000
01/10/1989,349.1499939,360.4400024,327.1199951,340.3599854,4012670000
01/11/1989,340.3599854,346.5,330.9100037,345.9899902,3032160000
01/12/1989,346.0100098,354.1000061,339.6300049,353.3999939,3213420000
01/01/1990,353.3999939,360.5899963,319.8299866,329.0799866,3793250000
01/02/1990,329.0799866,336.0899963,322.1000061,331.8900146,2961970000
01/03/1990,331.8900146,344.4899902,331.0799866,339.9400024,3283280000
01/04/1990,339.9400024,347.2999878,327.7600098,330.7999878,2801220000
01/05/1990,330.7999878,362.2600098,330.7999878,361.230011,3596680000
01/06/1990,361.2600098,368.7799988,351.230011,358.019989,3226280000
01/07/1990,358.019989,369.7799988,350.0899963,356.1499939,3373540000
01/08/1990,356.1499939,357.3500061,306.1799927,322.5599976,4020730000
01/09/1990,322.5599976,326.5299988,295.980011,306.0499878,2687280000
01/10/1990,306.1000061,319.6900024,294.5100098,304,3671900000
01/11/1990,303.9899902,323.019989,301.6099854,322.2200012,3149770000
01/12/1990,322.230011,333.980011,321.9700012,330.2200012,3116830000
01/01/1991,330.2000122,343.9299927,309.3500061,343.9299927,3660240000
01/02/1991,343.9100037,370.9599915,340.3699951,367.0700073,4303170000
01/03/1991,367.0700073,379.6600037,363.730011,375.2200012,3927920000
01/04/1991,375.2200012,391.2600098,370.269989,375.3399963,4017200000
01/05/1991,375.3500061,389.8500061,365.8299866,389.8299866,3739700000
01/06/1991,389.8099976,389.8099976,367.980011,371.1600037,3258730000
01/07/1991,371.1799927,387.8099976,370.9200134,387.8099976,3481570000
01/08/1991,387.8099976,396.8200073,374.0899963,395.4299927,3713820000
01/09/1991,395.4299927,397.6199951,382.769989,387.8599854,3260990000
01/10/1991,387.8599854,393.8099976,376.1099854,392.4500122,4082380000
01/11/1991,392.4599915,398.2200012,371.6300049,375.2200012,3737620000
01/12/1991,375.1099854,418.3200073,371.3599854,417.0899963,4155310000
01/01/1992,417.0299988,421.1799927,408.6400146,408.7799988,5286280000
01/02/1992,408.7900085,418.0799866,406.3399963,412.7000122,4267610000
01/03/1992,412.6799927,413.7799988,401.9400024,403.6900024,4066240000
01/04/1992,403.6700134,416.2799988,392.4100037,414.9500122,4315840000
01/05/1992,414.9500122,418.75,409.8500061,415.3500061,3643980000
01/06/1992,415.3500061,417.2999878,399.9200134,408.1400146,4259830000
01/07/1992,408.2000122,424.7999878,407.2000122,424.2099915,4265220000
01/08/1992,424.1900024,425.1400146,408.2999878,414.0299988,3653820000
01/09/1992,414.0299988,425.269989,412.7099915,417.7999878,4023850000
01/10/1992,417.7999878,421.1600037,396.7999878,418.6799927,4507010000
01/11/1992,418.6600037,431.9299927,415.5799866,431.3500061,4148770000
01/12/1992,431.3500061,442.6499939,428.6099854,435.7099915,4876150000
01/01/1993,435.7000122,442.6600037,426.8800049,438.7799988,5280850000
01/02/1993,438.7799988,450.0400085,428.25,443.3800049,5442450000
01/03/1993,443.3800049,456.7600098,441.0700073,451.6700134,5766950000
01/04/1993,451.6700134,452.6300049,432.2999878,440.1900024,5853170000
01/05/1993,440.1900024,454.5499878,436.8599854,450.1900024,5108640000
01/06/1993,450.230011,455.6300049,442.5,450.5299988,5544400000
01/07/1993,450.5400085,451.1499939,441.3999939,448.1300049,5308530000
01/08/1993,448.1300049,463.5599976,446.9400024,463.5599976,5506200000
01/09/1993,463.5499878,463.7999878,449.6400146,458.9299927,5552720000
01/10/1993,458.9299927,471.1000061,456.3999939,467.8299866,5940460000
01/11/1993,467.8299866,469.1099854,454.3599854,461.7900085,5876610000
01/12/1993,461.9299927,471.2900085,461.4500122,466.4500122,5791210000
01/01/1994,466.5100098,482.8500061,464.3599854,481.6099854,6627390000
01/02/1994,481.6000061,482.230011,464.2600098,467.1400146,5853100000
01/03/1994,467.1900024,471.0899963,436.1600037,445.769989,7225010000
01/04/1994,445.6600037,452.7900085,435.8599854,450.9100037,5735010000
01/05/1994,450.9100037,457.769989,440.7799988,456.5,5675970000
01/06/1994,456.5,463.230011,439.8299866,444.269989,5852670000
01/07/1994,444.269989,459.3299866,443.5799866,458.2600098,4980100000
01/08/1994,458.2799988,477.5899963,456.0799866,475.4899902,6398750000
01/09/1994,475.4899902,475.4899902,458.4700012,462.7099915,6152870000
01/10/1994,462.6900024,474.7399902,449.269989,472.3500061,6344700000
01/11/1994,472.2600098,472.2600098,444.1799927,453.6900024,6251240000
01/12/1994,453.5499878,462.730011,442.8800049,459.269989,6351530000
01/01/1995,459.2099915,471.3599854,457.2000122,470.4200134,6852060000
01/02/1995,470.4200134,489.1900024,469.2900085,487.3900146,6330100000
01/03/1995,487.3900146,508.1499939,479.7000122,500.7099915,7792400000
01/04/1995,500.7000122,515.289978,500.2000122,514.710022,6307030000
01/05/1995,514.7600098,533.4099731,513.0300293,533.4000244,7555690000
01/06/1995,533.4000244,551.0700073,526,544.75,7555650000
01/07/1995,544.75,565.4000244,542.5100098,562.0599976,7307960000
01/08/1995,562.0599976,565.6199951,553.039978,561.8800049,7146620000
01/09/1995,561.8800049,587.6099854,561.0100098,584.4099731,7052830000
01/10/1995,584.4099731,590.6599731,571.5499878,581.5,8043320000
01/11/1995,581.5,608.6900024,581.039978,605.3699951,7602150000
01/12/1995,605.3699951,622.8800049,605.0499878,615.9299927,7697540000
01/01/1996,615.9299927,636.1799927,597.289978,636.0200195,9188050000
01/02/1996,636.0200195,664.2299805,633.710022,640.4299927,8749960000
01/03/1996,640.4299927,656.9699707,627.6300049,645.5,8984200000
01/04/1996,645.5,656.6799927,624.1400146,654.1699829,8875580000
01/05/1996,654.1699829,681.0999756,630.0700073,669.1199951,8921140000
01/06/1996,669.1199951,680.3200073,658.75,670.6300049,7930840000
01/07/1996,670.6300049,675.8800049,605.8800049,639.9500122,8849860000
01/08/1996,639.9500122,670.6799927,639.4899902,651.9899902,7380320000
01/09/1996,651.9899902,690.8800049,643.9699707,687.3300171,8064070000
01/10/1996,687.3099976,714.0999756,684.4400024,705.2700195,9703670000
01/11/1996,705.2700195,762.1199951,701.2999878,757.0200195,8763850000
01/12/1996,757.0200195,761.75,716.6900024,740.7399902,9089170000
01/01/1997,740.7399902,794.6699829,729.5499878,786.1599731,11635830000
01/02/1997,786.1599731,817.6799927,773.4299927,790.8200073,9715930000
01/03/1997,790.8200073,814.9000244,756.1300049,757.1199951,10120760000
01/04/1997,757.1199951,804.1300049,733.539978,801.3400269,10454880000
01/05/1997,801.3400269,851.8699951,793.210022,848.2800293,10106650000
01/06/1997,848.2800293,902.0900269,838.8200073,885.1400146,10857950000
01/07/1997,885.1400146,957.7299805,884.539978,954.3099976,11958120000
01/08/1997,954.289978,964.1699829,893.3400269,899.4699707,10606100000
01/09/1997,899.4699707,960.5900269,899.4699707,947.2800293,11383000000
01/10/1997,947.2800293,983.1199951,855.2700195,914.6199951,14017260000
01/11/1997,914.6199951,964.5499878,900.6099854,955.4000244,10173620000
01/12/1997,955.4000244,986.25,924.9199829,970.4299927,11958880000
01/01/1998,970.4299927,992.6500244,912.8300171,980.2800293,12733830000
01/02/1998,980.2800293,1051.660034,980.2800293,1049.339966,11656550000
01/03/1998,1049.339966,1113.069946,1030.869995,1101.75,13719590000
01/04/1998,1101.75,1132.97998,1076.699951,1111.75,13656060000
01/05/1998,1111.75,1130.52002,1074.390015,1090.819946,11477140000
01/06/1998,1090.819946,1145.150024,1074.670044,1133.839966,13551970000
01/07/1998,1133.839966,1190.579956,1114.300049,1120.670044,14194800000
01/08/1998,1120.670044,1121.790039,957.2800293,957.2800293,15071550000
01/09/1998,957.2800293,1066.109985,939.9799805,1017.01001,16714080000
01/10/1998,1017.01001,1103.780029,923.3200073,1098.670044,18001650000
01/11/1998,1098.670044,1192.969971,1098.670044,1163.630005,13451280000
01/12/1998,1163.630005,1244.930054,1136.890015,1229.22998,15181450000
01/01/1999,1229.22998,1280.369995,1205.459961,1279.640015,16213500000
01/02/1999,1279.640015,1283.839966,1211.890015,1238.329956,14555860000
01/03/1999,1238.329956,1323.819946,1216.030029,1286.369995,18002500000
01/04/1999,1286.369995,1371.560059,1282.560059,1335.180054,18523200000
01/05/1999,1335.180054,1375.97998,1277.310059,1301.839966,15880260000
01/06/1999,1301.839966,1372.930054,1277.469971,1372.709961,16079170000
01/07/1999,1372.709961,1420.329956,1328.48999,1328.719971,15332930000
01/08/1999,1328.719971,1382.839966,1267.72998,1320.410034,15818550000
01/09/1999,1320.410034,1361.390015,1256.26001,1282.709961,16438700000
01/10/1999,1282.709961,1373.170044,1233.699951,1362.930054,18832000000
01/11/1999,1362.930054,1425.310059,1346.410034,1388.910034,18384820000
01/12/1999,1388.910034,1473.099976,1387.380005,1469.25,19640690000
01/01/2000,1469.25,1478,1350.140015,1394.459961,21494400000
01/02/2000,1394.459961,1444.550049,1325.069946,1366.420044,20912000000
01/03/2000,1366.420044,1552.869995,1346.619995,1498.579956,26156200000
01/04/2000,1498.579956,1527.189941,1339.400024,1452.430054,20106460000
01/05/2000,1452.430054,1481.51001,1361.089966,1420.599976,19898300000
01/06/2000,1420.599976,1488.930054,1420.599976,1454.599976,21738300000
01/07/2000,1454.599976,1517.319946,1413.890015,1430.829956,19089100000
01/08/2000,1430.829956,1525.209961,1425.430054,1517.680054,20363700000
01/09/2000,1517.680054,1530.089966,1419.439941,1436.51001,20838300000
01/10/2000,1436.52002,1454.819946,1305.790039,1429.400024,25951400000
01/11/2000,1429.400024,1438.459961,1294.900024,1314.949951,20532300000
01/12/2000,1314.949951,1389.050049,1254.069946,1320.280029,23610800000
01/01/2001,1320.280029,1383.369995,1274.619995,1366.01001,27829800000
01/02/2001,1366.01001,1376.380005,1215.439941,1239.939941,21644400000
01/03/2001,1239.939941,1267.420044,1081.189941,1160.329956,27806610000
01/04/2001,1160.329956,1269.300049,1091.98999,1249.459961,25409990000
01/05/2001,1249.459961,1315.930054,1232,1255.819946,24525900000
01/06/2001,1255.819946,1286.619995,1203.030029,1224.380005,24748030000
01/07/2001,1224.420044,1239.780029,1165.540039,1211.22998,23793710000
01/08/2001,1211.22998,1226.27002,1124.869995,1133.579956,23359200000
01/09/2001,1133.579956,1155.400024,944.75,1040.939941,25025290000
01/10/2001,1040.939941,1110.609985,1026.76001,1059.780029,29951280000
01/11/2001,1059.780029,1163.380005,1054.310059,1139.449951,26330000000
01/12/2001,1139.449951,1173.619995,1114.530029,1148.079956,25128570000
01/01/2002,1148.079956,1176.969971,1081.660034,1130.199951,29746200000
01/02/2002,1130.199951,1130.199951,1074.359985,1106.72998,26047600000
01/03/2002,1106.72998,1173.939941,1106.72998,1147.390015,26563200000
01/04/2002,1147.390015,1147.839966,1063.459961,1076.920044,28568900000
01/05/2002,1076.920044,1106.589966,1048.959961,1067.140015,26905500000
01/06/2002,1067.140015,1070.73999,952.9199829,989.8200073,29981510000
01/07/2002,989.8200073,994.460022,775.6799927,911.6199951,42228720000
01/08/2002,911.6199951,965,833.4400024,916.0700073,29298400000
01/09/2002,916.0700073,924.0200195,800.2000122,815.2800293,27723710000
01/10/2002,815.2800293,907.4400024,768.6300049,885.7600098,37856310000
01/11/2002,885.7600098,941.8200073,872.0499878,936.3099976,29200960000
01/12/2002,936.3099976,954.2800293,869.4500122,879.8200073,25993640000
01/01/2003,879.8200073,935.0499878,840.3400269,855.7000122,30749580000
01/02/2003,855.7000122,864.6400146,806.289978,841.1500244,25235300000
01/03/2003,841.1500244,895.9000244,788.9000244,848.1799927,30080030000
01/04/2003,848.1799927,924.2399902,847.8499756,916.9199829,29669610000
01/05/2003,916.9199829,965.3800049,902.8300171,963.5900269,30952100000
01/06/2003,963.5900269,1015.330017,963.5900269,974.5,31219400000
01/07/2003,974.5,1015.409973,962.0999756,990.3099976,31553200000
01/08/2003,990.3099976,1011.01001,960.8400269,1008.01001,24881470000
01/09/2003,1008.01001,1040.290039,990.3599854,995.9699707,29940110000
01/10/2003,995.9699707,1053.790039,995.9699707,1050.709961,32298500000
01/11/2003,1050.709961,1063.650024,1031.199951,1058.199951,24463220000
01/12/2003,1058.199951,1112.560059,1053.410034,1111.920044,27839130000
01/01/2004,1111.920044,1155.380005,1105.079956,1131.130005,32820000000
01/02/2004,1131.130005,1158.97998,1124.439941,1144.939941,27985600000
01/03/2004,1144.939941,1163.22998,1087.160034,1126.209961,33597900000
01/04/2004,1126.209961,1150.569946,1107.22998,1107.300049,31611900000
01/05/2004,1107.300049,1127.73999,1076.319946,1120.680054,29326400000
01/06/2004,1120.680054,1146.339966,1113.319946,1140.839966,27529500000
01/07/2004,1140.839966,1140.839966,1078.780029,1101.719971,29285600000
01/08/2004,1101.719971,1109.680054,1060.719971,1104.23999,26586800000
01/09/2004,1104.23999,1131.540039,1099.180054,1114.579956,26829870000
01/10/2004,1114.579956,1142.050049,1090.290039,1130.199951,31511000000
01/11/2004,1130.199951,1188.459961,1127.599976,1173.819946,30460280000
01/12/2004,1173.780029,1217.329956,1173.780029,1211.920044,31102500000
01/01/2005,1211.920044,1217.800049,1163.75,1181.27002,31498800000
01/02/2005,1181.27002,1212.439941,1180.949951,1203.599976,29297410000
01/03/2005,1203.599976,1229.109985,1163.689941,1180.589966,39014150000
01/04/2005,1180.589966,1191.880005,1136.150024,1156.849976,43424270000
01/05/2005,1156.849976,1199.560059,1146.180054,1191.5,39321990000
01/06/2005,1191.5,1219.589966,1188.300049,1191.329956,40334040000
01/07/2005,1191.329956,1245.150024,1183.550049,1234.180054,37464670000
01/08/2005,1234.180054,1245.859985,1201.069946,1220.329956,42030090000
01/09/2005,1220.329956,1243.130005,1205.349976,1228.810059,44777510000
01/10/2005,1228.810059,1233.339966,1168.199951,1207.01001,49793790000
01/11/2005,1207.01001,1270.640015,1201.069946,1249.47998,45102870000
01/12/2005,1249.47998,1275.800049,1246.589966,1248.290039,41756130000
01/01/2006,1248.290039,1294.900024,1245.73999,1280.079956,49211650000
01/02/2006,1280.079956,1297.569946,1253.609985,1280.660034,42859940000
01/03/2006,1280.660034,1310.880005,1268.420044,1294.869995,50905040000
01/04/2006,1302.880005,1318.160034,1280.73999,1310.609985,43308430000
01/05/2006,1310.609985,1326.699951,1245.339966,1270.089966,54312830000
01/06/2006,1270.050049,1290.680054,1219.290039,1270.199951,54873260000
01/07/2006,1270.060059,1280.420044,1224.540039,1276.660034,46348220000
01/08/2006,1278.530029,1306.73999,1261.300049,1303.819946,50485620000
01/09/2006,1303.800049,1340.280029,1290.930054,1335.849976,49001440000
01/10/2006,1335.819946,1389.449951,1327.099976,1377.939941,56793620000
01/11/2006,1377.76001,1407.890015,1360.97998,1400.630005,55343930000
01/12/2006,1400.630005,1431.810059,1385.930054,1418.300049,47578780000
01/01/2007,1418.030029,1441.609985,1403.969971,1438.23999,56686200000
01/02/2007,1437.900024,1461.569946,1389.420044,1406.819946,51844990000
01/03/2007,1406.800049,1438.890015,1363.97998,1420.859985,67622250000
01/04/2007,1420.829956,1498.02002,1416.369995,1482.369995,57032470000
01/05/2007,1482.369995,1535.560059,1476.699951,1530.619995,64958050000
01/06/2007,1530.619995,1540.560059,1484.180054,1503.349976,65322800000
01/07/2007,1504.660034,1555.900024,1454.25,1455.27002,70337430000
01/08/2007,1455.180054,1503.890015,1370.599976,1473.98999,91381760000
01/09/2007,1473.959961,1538.73999,1439.290039,1526.75,57809700000
01/10/2007,1527.290039,1576.089966,1489.560059,1549.380005,76022580000
01/11/2007,1545.790039,1545.790039,1406.099976,1481.140015,86246950000
01/12/2007,1479.630005,1523.569946,1435.650024,1468.359985,64821670000
01/01/2008,1467.969971,1471.77002,1270.050049,1378.550049,98475340000
01/02/2008,1378.599976,1396.02002,1316.75,1330.630005,78536130000
01/03/2008,1330.449951,1359.680054,1256.97998,1322.699951,93189170000
01/04/2008,1326.410034,1404.569946,1324.349976,1385.589966,85978630000
01/05/2008,1385.969971,1440.23999,1373.069946,1400.380005,80990480000
01/06/2008,1399.619995,1404.050049,1272,1280,96614040000
01/07/2008,1276.689941,1292.170044,1200.439941,1267.380005,1.24981E+11
01/08/2008,1269.420044,1313.150024,1247.449951,1282.829956,86266010000
01/09/2008,1287.829956,1303.040039,1106.420044,1166.359985,1.40007E+11
01/10/2008,1164.170044,1167.030029,839.7999878,968.75,1.59823E+11
01/11/2008,968.6699829,1007.51001,741.0200195,896.2399902,1.1566E+11
01/12/2008,888.6099854,918.8499756,815.6900024,903.25,1.12884E+11
01/01/2009,902.9899902,943.8499756,804.2999878,825.8800049,1.12091E+11
01/02/2009,823.0900269,875.0100098,734.5200195,735.0900269,1.24492E+11
01/03/2009,729.5700073,832.9799805,666.789978,797.8699951,1.61844E+11
01/04/2009,793.5900269,888.7000122,783.3200073,872.8099976,1.38855E+11
01/05/2009,872.7399902,930.1699829,866.0999756,919.1400146,1.31615E+11
01/06/2009,923.2600098,956.2299805,888.8599854,919.3200073,1.12653E+11
01/07/2009,920.8200073,996.6799927,869.3200073,987.4799805,1.06636E+11
01/08/2009,990.2199707,1039.469971,978.5100098,1020.619995,1.16059E+11
01/09/2009,1019.52002,1080.150024,991.9699707,1057.079956,1.12295E+11
01/10/2009,1054.910034,1101.359985,1019.950012,1036.189941,1.13411E+11
01/11/2009,1036.180054,1113.689941,1029.380005,1095.630005,84981530000
01/12/2009,1098.890015,1130.380005,1085.890015,1115.099976,89515330000
01/01/2010,1116.560059,1150.449951,1071.589966,1073.869995,90947580000
01/02/2010,1073.890015,1112.420044,1044.5,1104.48999,84561340000
01/03/2010,1105.359985,1180.689941,1105.359985,1169.430054,1.03684E+11
01/04/2010,1171.22998,1219.800049,1170.689941,1186.689941,1.16742E+11
01/05/2010,1188.579956,1205.130005,1040.780029,1089.410034,1.27663E+11
01/06/2010,1087.300049,1131.22998,1028.329956,1030.709961,1.10107E+11
01/07/2010,1031.099976,1120.949951,1010.909973,1101.599976,94778110000
01/08/2010,1107.530029,1129.23999,1039.699951,1049.329956,85738250000
01/09/2010,1049.719971,1157.160034,1049.719971,1141.199951,79589450000
01/10/2010,1143.48999,1196.140015,1131.869995,1183.26001,89536270000
01/11/2010,1185.709961,1227.079956,1173,1180.550049,87151070000
01/12/2010,1186.599976,1262.599976,1186.599976,1257.640015,80984530000
01/01/2011,1257.619995,1302.670044,1257.619995,1286.119995,92164940000
01/02/2011,1289.140015,1344.069946,1289.140015,1327.219971,59223660000
01/03/2011,1328.640015,1332.280029,1249.050049,1325.829956,89507640000
01/04/2011,1329.47998,1364.560059,1294.699951,1363.609985,77364810000
01/05/2011,1365.209961,1370.579956,1311.800049,1345.199951,81708980000
01/06/2011,1345.199951,1345.199951,1258.069946,1320.640015,86122730000
01/07/2011,1320.640015,1356.47998,1282.859985,1292.280029,81102170000
01/08/2011,1292.589966,1307.380005,1101.540039,1218.890015,1.08419E+11
01/09/2011,1219.119995,1229.290039,1114.219971,1131.420044,1.02787E+11
01/10/2011,1131.209961,1292.660034,1074.77002,1253.300049,98063670000
01/11/2011,1251,1277.550049,1158.660034,1246.959961,84275050000
01/12/2011,1246.910034,1269.369995,1202.369995,1257.599976,74742430000
01/01/2012,1258.859985,1333.469971,1258.859985,1312.410034,79567560000
01/02/2012,1312.449951,1378.040039,1312.449951,1365.680054,78385710000
01/03/2012,1365.900024,1419.150024,1340.030029,1408.469971,83899660000
01/04/2012,1408.469971,1422.380005,1357.380005,1397.910034,74761710000
01/05/2012,1397.859985,1415.319946,1291.97998,1310.329956,86920490000
01/06/2012,1309.869995,1363.459961,1266.73999,1362.160034,81582440000
01/07/2012,1362.329956,1391.73999,1325.410034,1379.319946,73103810000
01/08/2012,1379.319946,1426.680054,1354.650024,1406.579956,70283810000
01/09/2012,1406.540039,1474.51001,1396.560059,1440.670044,69784280000
01/10/2012,1440.900024,1470.959961,1403.280029,1412.160034,71752320000
01/11/2012,1412.199951,1434.27002,1343.349976,1416.180054,71489310000
01/12/2012,1416.339966,1448,1398.109985,1426.189941,66388180000
01/01/2013,1426.189941,1509.939941,1426.189941,1498.109985,75848510000
01/02/2013,1498.109985,1530.939941,1485.01001,1514.680054,69273480000
01/03/2013,1514.680054,1570.280029,1501.47998,1569.189941,68527110000
01/04/2013,1569.180054,1597.569946,1536.030029,1597.569946,77098000000
01/05/2013,1597.550049,1687.180054,1581.280029,1630.73999,76447250000
01/06/2013,1631.709961,1654.189941,1560.329956,1606.280029,74946790000
01/07/2013,1609.780029,1698.780029,1604.569946,1685.72998,68106820000
01/08/2013,1689.420044,1709.670044,1627.469971,1632.969971,64802810000
01/09/2013,1635.949951,1729.859985,1633.410034,1681.550049,66174410000
01/10/2013,1682.410034,1775.219971,1646.469971,1756.540039,76647400000
01/11/2013,1758.699951,1813.550049,1746.199951,1805.810059,63628190000
01/12/2013,1806.550049,1849.439941,1767.98999,1848.359985,64958820000
01/01/2014,1845.859985,1850.839966,1770.449951,1782.589966,75871910000
01/02/2014,1782.680054,1867.920044,1737.920044,1859.449951,69725590000
01/03/2014,1857.680054,1883.969971,1834.439941,1872.339966,71885030000
01/04/2014,1873.959961,1897.280029,1814.359985,1883.949951,71595810000
01/05/2014,1884.390015,1924.030029,1859.790039,1923.569946,63623630000
01/06/2014,1923.869995,1968.170044,1915.97998,1960.22998,63283380000
01/07/2014,1962.290039,1991.390015,1930.670044,1930.670044,66524690000
01/08/2014,1929.800049,2005.040039,1904.780029,2003.369995,58131140000
01/09/2014,2004.069946,2019.26001,1964.040039,1972.290039,66706000000
01/10/2014,1971.439941,2018.189941,1820.660034,2018.050049,93714040000
01/11/2014,2018.209961,2075.76001,2001.01001,2067.560059,63600190000
01/12/2014,2065.780029,2093.550049,1972.560059,2058.899902,80743820000
01/01/2015,2058.899902,2072.360107,1988.119995,1994.98999,77330040000
01/02/2015,1996.670044,2119.590088,1980.900024,2104.5,68775560000
01/03/2015,2105.22998,2117.52002,2039.689941,2067.889893,76675850000
01/04/2015,2067.629883,2125.919922,2048.379883,2085.51001,72060940000
01/05/2015,2087.379883,2134.719971,2067.929932,2107.389893,65187730000
01/06/2015,2108.639893,2129.870117,2056.320068,2063.110107,73213980000
01/07/2015,2067,2132.820068,2044.02002,2103.840088,77920590000
01/08/2015,2104.48999,2112.659912,1867.01001,1972.180054,84626790000
01/09/2015,1970.089966,2020.859985,1871.910034,1920.030029,79989370000
01/10/2015,1919.650024,2094.320068,1893.699951,2079.360107,85844900000
01/11/2015,2080.76001,2116.47998,2019.390015,2080.409912,75943590000
01/12/2015,2082.929932,2104.27002,1993.26001,2043.939941,83649260000
01/01/2016,2038.199951,2038.199951,1812.290039,1940.23999,92409770000
01/02/2016,1936.939941,1962.959961,1810.099976,1932.22998,93049560000
01/03/2016,1937.089966,2072.209961,1937.089966,2059.73999,92639420000
01/04/2016,2056.620117,2111.050049,2033.800049,2065.300049,81124990000
01/05/2016,2067.169922,2103.47998,2025.910034,2096.949951,78883600000
01/06/2016,2093.939941,2120.550049,1991.680054,2098.860107,86852700000
01/07/2016,2099.340088,2177.090088,2074.02002,2173.600098,69530250000
01/08/2016,2173.149902,2193.810059,2147.580078,2170.949951,75610310000
01/09/2016,2171.330078,2187.870117,2119.120117,2168.27002,77023620000
01/10/2016,2164.330078,2169.600098,2114.719971,2126.149902,72915530000
01/11/2016,2128.679932,2214.100098,2083.790039,2198.810059,88445380000
01/12/2016,2200.169922,2277.530029,2187.439941,2238.830078,75344550000
01/01/2017,2251.570068,2300.98999,2245.129883,2278.870117,70576420000
01/02/2017,2285.590088,2371.540039,2271.649902,2363.639893,69260940000
01/03/2017,2380.129883,2400.97998,2322.25,2362.719971,81664010000
01/04/2017,2362.340088,2398.159912,2328.949951,2384.199951,65369860000
01/05/2017,2388.5,2418.709961,2352.719971,2411.800049,79719460000
01/06/2017,2415.649902,2453.820068,2405.699951,2423.409912,81078810000
01/07/2017,2431.389893,2484.040039,2407.699951,2470.300049,63348090000
01/08/2017,2477.100098,2490.870117,2417.350098,2471.649902,70784900000
01/09/2017,2474.419922,2519.439941,2446.550049,2519.360107,66624120000
01/10/2017,2521.199951,2582.97998,2520.399902,2575.26001,71088550000
01/11/2017,2583.209961,2657.73999,2557.449951,2647.580078,73416960000
01/12/2017,2645.100098,2694.969971,2605.52002,2673.610107,65531700000
01/01/2018,2683.72998,2872.870117,2682.360107,2823.810059,77318690000
01/02/2018,2816.449951,2835.959961,2532.689941,2713.830078,79933970000
01/03/2018,2715.219971,2801.899902,2585.889893,2640.870117,76803890000
01/04/2018,2633.449951,2717.48999,2553.800049,2648.050049,70194700000
01/05/2018,2642.959961,2742.23999,2594.620117,2705.27002,76011820000
01/06/2018,2718.699951,2791.469971,2691.98999,2718.370117,77891360000
01/07/2018,2704.949951,2848.030029,2698.949951,2816.290039,64898300000
01/08/2018,2821.169922,2916.5,2796.340088,2901.52002,69523070000
01/09/2018,2896.959961,2940.909912,2864.120117,2913.97998,63031510000
01/10/2018,2926.290039,2939.860107,2603.540039,2711.73999,91930980000
01/11/2018,2717.580078,2815.149902,2631.090088,2760.169922,80620020000
01/12/2018,2790.5,2800.179932,2346.580078,2506.850098,84162180000
01/01/2019,2476.959961,2708.949951,2443.959961,2704.100098,80859870000
01/02/2019,2702.320068,2813.48999,2681.830078,2784.48999,70638770000
01/03/2019,2798.219971,2860.310059,2722.27002,2834.399902,79159660000
01/04/2019,2848.629883,2949.52002,2848.629883,2945.830078,70090370000
01/05/2019,2952.330078,2954.129883,2750.52002,2752.060059,77250740000
01/06/2019,2751.530029,2964.149902,2728.810059,2941.76001,71250630000
01/07/2019,2971.409912,3027.97998,2952.219971,2980.379883,70599470000
01/08/2019,2980.320068,3013.590088,2822.120117,2926.459961,80269220000
01/09/2019,2909.01001,3021.98999,2891.850098,2976.73999,74178980000
01/10/2019,2983.689941,3050.100098,2855.939941,3037.560059,77720640000
01/11/2019,3050.719971,3154.26001,3050.719971,3140.97998,72410620000
01/12/2019,3143.850098,3247.929932,3070.330078,3230.780029,72325540000
01/01/2020,3244.669922,3337.77002,3214.639893,3225.52002,77287980000
01/02/2020,3235.659912,3393.52002,2855.840088,2954.219971,84436590000
01/03/2020,2974.280029,3136.719971,2191.860107,2584.590088,1.62185E+11
01/04/2020,2498.080078,2954.860107,2447.48999,2912.429932,1.23608E+11
01/05/2020,2869.090088,3068.669922,2766.639893,3044.310059,1.07135E+11
01/06/2020,3038.780029,3233.129883,2965.659912,3100.290039,1.31459E+11
01/07/2020,3105.919922,3279.98999,3101.169922,3271.120117,96928130000
01/08/2020,3288.26001,3514.77002,3284.530029,3500.310059,82466520000
01/09/2020,3507.439941,3588.110107,3209.449951,3363,92310780000
01/10/2020,3385.870117,3549.850098,3233.939941,3269.959961,89938980000
01/11/2020,3296.199951,3645.98999,3279.73999,3621.629883,1.01247E+11
01/12/2020,3645.870117,3760.199951,3633.399902,3756.070068,96375680000
01/01/2021,3764.610107,3870.899902,3662.709961,3714.23999,1.06118E+11
01/02/2021,3731.169922,3950.429932,3725.620117,3811.149902,99082320000
01/03/2021,3842.51001,3994.409912,3723.340088,3972.889893,1.22371E+11
01/04/2021,3992.780029,4218.779785,3992.780029,4181.169922,83124090000
01/05/2021,4191.97998,4238.040039,4056.879883,4204.109863,88321860000
01/06/2021,4216.52002,4302.430176,4164.399902,4297.5,1.02544E+11
01/07/2021,4300.72998,4429.970215,4233.129883,4395.259766,84255620000
01/08/2021,4406.859863,4537.359863,4367.72998,4522.680176,80500760000
01/09/2021,4528.799805,4545.850098,4305.910156,4307.540039,85528860000
01/10/2021,4317.160156,4608.080078,4278.939941,4605.379883,80253600000
01/11/2021,4610.620117,4743.830078,4560,4567,88268840000
01/12/2021,4602.819824,4808.930176,4495.120117,4766.180176,92750180000
01/01/2022,4778.140137,4818.620117,4222.620117,4515.549805,95562890000
01/02/2022,4519.569824,4595.310059,4114.649902,4373.939941,92667710000
01/03/2022,4363.140137,4637.299805,4157.870117,4530.410156,1.23546E+11
01/04/2022,4540.319824,4593.450195,4124.279785,4131.930176,90367840000
01/05/2022,4130.609863,4307.660156,3810.320068,4132.149902,1.0886E+11
01/06/2022,4149.779785,4177.509766,3636.870117,3785.379883,1.06117E+11
01/07/2022,3781,4140.149902,3721.560059,4130.290039,81688320000
01/08/2022,4112.379883,4325.279785,3954.530029,3955,92252350000
01/09/2022,3936.72998,4119.279785,3584.129883,3585.620117,94241020000
01/10/2022,3609.780029,3905.419922,3491.580078,3871.97998,95823760000
01/11/2022,3901.790039,4080.110107,3698.149902,4080.110107,92671910000
01/12/2022,4087.139893,4100.959961,3764.48999,3839.5,85249330000
01/01/2023,3853.290039,4094.209961,3794.330078,4076.600098,80763810000
01/02/2023,4070.070068,4195.439941,3943.080078,3970.149902,80392280000
01/03/2023,3963.340088,4110.75,3808.860107,4109.310059,1.13095E+11
01/04/2023,4102.200195,4170.060059,4049.350098,4169.47998,70861260000
01/05/2023,4166.790039,4231.100098,4048.280029,4179.830078,85190040000
01/06/2023,4183.029785,4458.47998,4171.640137,4450.379883,87983140000
01/07/2023,4450.47998,4607.069824,4385.049805,4588.959961,75063200000
01/08/2023,4578.830078,4584.620117,4335.310059,4507.660156,86840820000
01/09/2023,4530.600098,4541.25,4238.629883,4288.049805,73482980000
01/10/2023,4284.52002,4393.569824,4103.779785,4193.799805,83519460000
01/11/2023,4201.27002,4587.640137,4197.740234,4567.799805,80970570000
01/12/2023,4559.430176,4793.299805,4546.5,4769.830078,81530670000
01/01/2024,4745.200195,4931.089844,4682.109863,4845.649902,81737880000
01/02/2024,4861.109863,5111.060059,4853.52002,5096.27002,82066930000
01/03/2024,5098.509766,5264.850098,5056.819824,5254.350098,86299510000
01/04/2024,5257.970215,5263.950195,4953.560059,5035.689941,81747170000
01/05/2024,5029.029785,5341.879883,5011.049805,5277.509766,86849720000
01/06/2024,5297.149902,5523.640137,5234.319824,5460.47998,76025620000
01/07/2024,5471.080078,5669.669922,5390.950195,5522.299805,80160390000
01/08/2024,5537.839844,5651.620117,5119.259766,5648.399902,81097300000
01/09/2024,5623.890137,5767.370117,5402.620117,5762.47998,79564830000
01/10/2024,5757.72998,5878.459961,5674,5705.450195,82412430000
01/11/2024,5723.220215,6044.169922,5696.509766,6032.379883,84101980000
01/12/2024,6040.109863,6099.970215,5832.299805,5906.939941,86064900000
,,,,,